address,suburb,postcode,sale_price,sale_date,property_type,bedrooms,bathrooms,parking_spaces,land_size_m2,sale_method,property_description,source,listing_url,full_address,geocode_level,latitude,longitude,coordinate_precision,coordinate_source,distance_to_cbd_km,nearest_station,distance_to_station_km
17 Avenue Road,Mosman,2088,5450000,2026-06-19,House,5,3,2.0,NA,Private Treaty,"Circa-1903 Federation residence ""St Arnaud"" combining heritage charm with modern renovation and designer updates.",Domain,https://www.domain.com.au/17-avenue-road-mosman-nsw-2088-2020786599,"17 Avenue Road, Mosman, NSW 2088, Australia",1.0,-33.83581268,151.23389244,exact_property,"ArcGIS World Geocoding Service; PointAddress; score 100; matched: 17 Avenue Road, Mosman, Sydney, New South Wales, 2088",4.314133974194923,Milsons Point Station,2.3273213038405736
5 Central Avenue,Mosman,2088,6399000,2026-06-19,House,5,4,2.0,607.0,Private Treaty,"Newly renovated family residence with modern interiors, landscaped block and resort-style pool.",Domain,https://www.domain.com.au/5-central-avenue-mosman-nsw-2088-2020825168,"5 Central Avenue, Mosman, NSW 2088, Australia",1.0,-33.813734,151.24287348,exact_property,"ArcGIS World Geocoding Service; PointAddress; score 100; matched: 5 Central Avenue, Mosman, Sydney, New South Wales, 2088",6.86341157793786,Victoria Cross Station,4.226654166638278
41 Lang Street,Mosman,2088,3350000,2026-05-01,House,3,2,NA,329.0,Private Treaty,"Federation-style residence with single-level living, ornate ceilings and original timber floors.",Domain,https://www.domain.com.au/41-lang-street-mosman-nsw-2088-2020763446,"41 Lang Street, Mosman, NSW 2088, Australia",1.0,-33.82245428,151.23449141,exact_property,"ArcGIS World Geocoding Service; PointAddress; score 100; matched: 41 Lang Street, Mosman, Sydney, New South Wales, 2088",5.65421213672158,Victoria Cross Station,3.025433397223182
6 Countess Street,Mosman,2088,3525000,2026-05-12,House,3,2,1.0,378.0,Private Treaty,Single-level freestanding home with high ceilings and potential for second-storey development.,Domain,https://www.domain.com.au/6-countess-street-mosman-nsw-2088-2020803030,"6 Countess Street, Mosman, NSW 2088, Australia",1.0,-33.82101929,151.23556681,exact_property,"ArcGIS World Geocoding Service; PointAddress; score 100; matched: 6 Countess Street, Mosman, Sydney, New South Wales, 2088",5.840568477225877,Victoria Cross Station,3.198136993216835
3 Glover Street,Mosman,2088,5600000,2026-04-20,House,5,2,1.0,515.0,Private Treaty,Circa-1915 residence with thoughtful renovations and extensions near Memory Park.,Domain,https://www.domain.com.au/3-glover-street-mosman-nsw-2088-2020742877,"3 Glover Street, Mosman, NSW 2088, Australia",1.0,-33.82862042,151.23680624,exact_property,"ArcGIS World Geocoding Service; PointAddress; score 100; matched: 3 Glover Street, Mosman, Sydney, New South Wales, 2088",5.139392887775534,Victoria Cross Station,2.900075401581398
34 Somerset Street,Mosman,2088,5300000,2026-04-17,House,4,2,2.0,557.0,Private Treaty,Federation-style home with spacious single-level layout and period features.,Domain,https://www.domain.com.au/34-somerset-street-mosman-nsw-2088-2020652926,"34 Somerset Street, Mosman, NSW 2088, Australia",1.0,-33.83352664,151.2371131,exact_property,"ArcGIS World Geocoding Service; PointAddress; score 100; matched: 34 Somerset Street, Mosman, Sydney, New South Wales, 2088",4.688349562961398,Milsons Point Station,2.7117795778580103
130 Cowles Road,Mosman,2088,4200000,2026-04-11,House,5,2,1.0,NA,Auction,Character brick-and-sandstone home fusing original refinement with modern updates.,Domain,https://www.domain.com.au/130-cowles-road-mosman-nsw-2088-2020677840,"130 Cowles Road, Mosman, NSW 2088, Australia",1.0,-33.82137729,151.23871253,exact_property,"ArcGIS World Geocoding Service; PointAddress; score 100; matched: 130 Cowles Road, Mosman, Sydney, New South Wales, 2088",5.931666847371828,Victoria Cross Station,3.41744758999216
44 Musgrave Street,Mosman,2088,3388000,2026-03-31,House,4,3,1.0,240.0,Private Treaty,Luxuriously renovated harbourside home 400m from South Mosman Ferry Wharf.,Domain,https://www.domain.com.au/44-musgrave-street-mosman-nsw-2088-2020348348,"44 Musgrave Street, Mosman, NSW 2088, Australia",1.0,-33.83954913,151.23343051,exact_property,"ArcGIS World Geocoding Service; PointAddress; score 100; matched: 44 Musgrave Street, Mosman, Sydney, New South Wales, 2088",3.942624685589086,Milsons Point Station,2.1169572215231667
27 Bardwell Road,Mosman,2088,3675000,2026-03-30,House,4,2,1.0,259.0,Auction,Renovated family home with classic character details and a stone courtyard.,Domain,https://www.domain.com.au/27-bardwell-road-mosman-nsw-2088-2020640428,"27 Bardwell Road, Mosman, NSW 2088, Australia",1.0,-33.82620832,151.23566345,exact_property,"ArcGIS World Geocoding Service; PointAddress; score 100; matched: 27 Bardwell Road, Mosman, Sydney, New South Wales, 2088",5.3251364153008165,Victoria Cross Station,2.9091610140808832
88 Shadforth Street,Mosman,2088,6850000,2026-03-24,House,4,3,2.0,602.0,Private Treaty,Meticulously renovated c1920s home with level grounds and a swimming pool.,Domain,https://www.domain.com.au/88-shadforth-street-mosman-nsw-2088-2020719690,"88 Shadforth Street, Mosman, NSW 2088, Australia",1.0,-33.83239945,151.23938074,exact_property,"ArcGIS World Geocoding Service; PointAddress; score 100; matched: 88 Shadforth Street, Mosman, Sydney, New South Wales, 2088",4.9090920627408385,Milsons Point Station,2.955866054722238
26 David Street,Mosman,2088,8750000,2026-03-25,House,5,3,2.0,766.4,Private Treaty,Century-old Clifton Gardens residence with harbour views and pool.,Domain,https://www.domain.com.au/26-david-street-mosman-nsw-2088-2020659326,"26 David Street, Mosman, NSW 2088, Australia",1.0,-33.84027244,151.24839472,exact_property,"ArcGIS World Geocoding Service; PointAddress; score 100; matched: 26 David Street, Mosman, Sydney, New South Wales, 2088",4.805741399527992,Milsons Point Station,3.434512495286837
3 Ourimbah Road,Mosman,2088,2900000,2026-03-20,House,3,1,1.0,NA,Private Treaty,Tastefully renovated circa-1912 Federation residence with north-facing garden.,Domain,https://www.domain.com.au/3-ourimbah-road-mosman-nsw-2088-2020659263,"3 Ourimbah Road, Mosman, NSW 2088, Australia",1.0,-33.82232566,151.24173823,exact_property,"ArcGIS World Geocoding Service; PointAddress; score 100; matched: 3 Ourimbah Road, Mosman, Sydney, New South Wales, 2088",5.973246351458422,Victoria Cross Station,3.605845684141276
2a Ryrie Street,Mosman,2088,3700000,2026-03-14,House,3,2,3.0,493.0,Auction,"Full-brick family home on 493 sqm held by one family over 40 years, redevelopment potential.",Domain,https://www.domain.com.au/2a-ryrie-street-mosman-nsw-2088-2020612111,"2a Ryrie Street, Mosman, NSW 2088, Australia",2.0,-33.81651968,151.24181619,exact_property,"ArcGIS World Geocoding Service; PointAddress; score 100; matched: 2A Ryrie Street, Mosman, Sydney, New South Wales, 2088",6.543146716883993,Victoria Cross Station,3.959371472583451
32 Lang Street,Mosman,2088,3900000,2026-03-06,House,5,2,2.0,493.0,Private Treaty,Federation-era single-level home with dual street access and renovation potential.,Domain,https://www.domain.com.au/32-lang-street-mosman-nsw-2088-2020602000,"32 Lang Street, Mosman, NSW 2088, Australia",2.0,-33.82224205,151.23519918,exact_property,"ArcGIS World Geocoding Service; PointAddress; score 100; matched: 32 Lang Street, Mosman, Sydney, New South Wales, 2088",5.7028346750887176,Victoria Cross Station,3.0928349142097264
33 Spofforth Street,Mosman,2088,5075000,2026-03-02,House,4,3,3.0,NA,Private Treaty,Victorian corner residence plus a two-storey self-contained studio.,Domain,https://www.domain.com.au/33-spofforth-street-mosman-nsw-2088-2020080714,"33 Spofforth Street, Mosman, NSW 2088, Australia",2.0,-33.83445054,151.22933168,exact_property,"ArcGIS World Geocoding Service; PointAddress; score 100; matched: 33 Spofforth Street, Mosman, Sydney, New South Wales, 2088",4.243861552911591,Victoria Cross Station,2.0595624072742336
123 Ourimbah Road,Mosman,2088,3550000,2025-12-22,House,4,3,1.0,302.0,Private Treaty,North-facing residence on a 302 sqm landholding with multiple living zones.,Domain,https://www.domain.com.au/123-ourimbah-road-mosman-nsw-2088-2020511697,"123 Ourimbah Road, Mosman, NSW 2088, Australia",2.0,-33.82138479,151.23559413,exact_property,"ArcGIS World Geocoding Service; PointAddress; score 100; matched: 123 Ourimbah Road, Mosman, Sydney, New South Wales, 2088",5.804675451965637,Victoria Cross Station,3.1767650166128054
31/2B Brady Street,Mosman,2088,1925000,2026-06-29,Apartment-Unit,3,2,2.0,178.0,Private Treaty,Single-level Mirvac-built apartment in Bridlewood Gardens with 178sqm on title.,Domain,https://www.domain.com.au/31-2b-brady-street-mosman-nsw-2088-2020825286,"31/2B Brady Street, Mosman, NSW 2088, Australia",2.0,-33.82334339,151.23949255,exact_property,"ArcGIS World Geocoding Service; Subaddress; score 100; matched: 2B Brady Street, Unit 31, Mosman, Sydney, New South Wales, 2088",5.772623768476695,Victoria Cross Station,3.369540159938424
2/81A Glover Street,Mosman,2088,1440000,2026-06-25,Apartment-Unit,2,2,1.0,195.0,Private Treaty,Ground-floor apartment with 195sqm on title and private street entrance.,Domain,https://www.domain.com.au/2-81a-glover-street-mosman-nsw-2088-2020759512,"2/81A Glover Street, Mosman, NSW 2088, Australia",2.0,-33.82801869,151.23217146,exact_property,"ArcGIS World Geocoding Service; Subaddress; score 100; matched: 81A Glover Street, Unit 2, Mosman, Sydney, New South Wales, 2088",5.002446997745759,Victoria Cross Station,2.5312060817986186
8/4 Esther Road,Mosman,2088,1560000,2026-06-19,Apartment-Unit,2,1,1.0,NA,Auction,Top-floor corner apartment in a boutique 8-unit complex near Balmoral Beach.,Domain,https://www.domain.com.au/8-4-esther-road-mosman-nsw-2088-2020925823,"8/4 Esther Road, Mosman, NSW 2088, Australia",2.0,-33.82589061,151.25030722,exact_property,"ArcGIS World Geocoding Service; Subaddress; score 100; matched: 4 Esther Road, Unit 8, Mosman, Sydney, New South Wales, 2088",6.091542838937558,Victoria Cross Station,4.177387252116713
2/63 Muston Street,Mosman,2088,6000000,2026-06-18,Apartment-Unit,4,3,3.0,NA,Private Treaty,Penthouse-style residence occupying entire top floor of a boutique 2-unit block.,Domain,https://www.domain.com.au/2-63-muston-street-mosman-nsw-2088-2020788411,"2/63 Muston Street, Mosman, NSW 2088, Australia",2.0,-33.82846875,151.2457416,exact_property,"ArcGIS World Geocoding Service; Subaddress; score 100; matched: 63 Muston Street, Unit 2, Mosman, Sydney, New South Wales, 2088",5.606905412500171,Milsons Point Station,3.6849078716343038
15/3 Belmont Road,Mosman,2088,1760000,2026-06-12,Apartment-Unit,2,2,1.0,NA,Private Treaty,Mosman Village apartment with light-filled interiors and covered balcony.,Domain,https://www.domain.com.au/15-3-belmont-road-mosman-nsw-2088-2020877037,"15/3 Belmont Road, Mosman, NSW 2088, Australia",2.0,-33.8285509,151.24324178,exact_property,"ArcGIS World Geocoding Service; Subaddress; score 100; matched: 3 Belmont Road, Unit 15, Mosman, Sydney, New South Wales, 2088",5.463974325125964,Victoria Cross Station,3.465576969278526
32B/2 Brady Street,Mosman,2088,2000000,2026-05-19,Apartment-Unit,2,2,2.0,154.0,Private Treaty,"Mirvac-built apartment offering ""village living"" with leafy garden outlooks.",Domain,https://www.domain.com.au/32b-2-brady-street-mosman-nsw-2088-2020747692,"32B/2 Brady Street, Mosman, NSW 2088, Australia",2.0,-33.82334339,151.23949255,exact_property,"ArcGIS World Geocoding Service; Subaddress; score 100; matched: 2 Brady Street, Unit 32B, Mosman, Sydney, New South Wales, 2088",5.772623768476695,Victoria Cross Station,3.369540159938424
7/8 Earl Street,Mosman,2088,3000000,2026-05-08,Apartment-Unit,3,2,2.0,156.0,Private Treaty,Corner apartment with north-east aspect near Bridgepoint shops.,Domain,https://www.domain.com.au/7-8-earl-street-mosman-nsw-2088-2020517834,"7/8 Earl Street, Mosman, NSW 2088, Australia",2.0,-33.82387794,151.23722307,exact_property,"ArcGIS World Geocoding Service; Subaddress; score 100; matched: 8 Earl Street, Unit 7, Mosman, Sydney, New South Wales, 2088",5.621469378401522,Victoria Cross Station,3.1571641988623895
8/2A Brady Street,Mosman,2088,2225000,2026-05-12,Apartment-Unit,3,2,2.0,NA,Private Treaty,North-facing top-floor apartment in Bridlewood Gardens with lift access and double garaging.,Domain,https://www.domain.com.au/8-2a-brady-street-mosman-nsw-2088-2020635166,"8/2A Brady Street, Mosman, NSW 2088, Australia",2.0,-33.82304566,151.23972649,exact_property,"ArcGIS World Geocoding Service; Subaddress; score 100; matched: 2A Brady Street, Unit 8, Mosman, Sydney, New South Wales, 2088",5.812050374962951,Victoria Cross Station,3.4043306360465007
24/27 Warringah Road,Mosman,2088,788000,2026-04-23,Apartment-Unit,1,1,1.0,NA,Private Treaty,Top-floor apartment with elevated views and an open-plan living area.,Domain,https://www.domain.com.au/24-27-warringah-road-mosman-nsw-2088-2020626134,"24/27 Warringah Road, Mosman, NSW 2088, Australia",2.0,-33.8175872,151.2441026,exact_property,"ArcGIS World Geocoding Service; Subaddress; score 100; matched: 27 Warringah Road, Unit 24, Mosman, Sydney, New South Wales, 2088",6.539071936354353,Victoria Cross Station,4.064330082002548
11/1A Queen Street,Mosman,2088,1325000,2026-04-16,Apartment-Unit,2,1,1.0,NA,Private Treaty,Top-floor apartment with northerly aspect and city/harbour views.,Domain,https://www.domain.com.au/11-1a-queen-street-mosman-nsw-2088-2020361141,"11/1A Queen Street, Mosman, NSW 2088, Australia",NA,-33.83447594,151.24486938,exact_property,"ArcGIS World Geocoding Service; Subaddress; score 100; matched: 1A Queen Street, Unit 11, Mosman, Sydney, New South Wales, 2088",5.035470914591009,Milsons Point Station,3.3062456908979003
5/28 Rickard Avenue,Mosman,2088,1950000,2026-04-13,Apartment-Unit,3,2,1.0,NA,Private Treaty,Art Deco apartment in a boutique 5-unit building with heritage charm.,Domain,https://www.domain.com.au/5-28-rickard-avenue-mosman-nsw-2088-2020632617,"5/28 Rickard Avenue, Mosman, NSW 2088, Australia",NA,-33.84041158,151.23923221,exact_property,"ArcGIS World Geocoding Service; Subaddress; score 100; matched: 28 Rickard Avenue, Unit 5, Mosman, Sydney, New South Wales, 2088",4.195732123145189,Milsons Point Station,2.60358449445387
19/5 Parriwi Road,Mosman,2088,3000000,2026-04-10,Apartment-Unit,2,2,1.0,NA,Private Treaty,"""Elevated coastal living"" with panoramic harbour views from Mosman's highest point.",Domain,https://www.domain.com.au/19-5-parriwi-road-mosman-nsw-2088-2020749662,"19/5 Parriwi Road, Mosman, NSW 2088, Australia",NA,-33.81704087,151.24433562,exact_property,"ArcGIS World Geocoding Service; Subaddress; score 100; matched: 5 Parriwi Road, Unit 19, Mosman, Sydney, New South Wales, 2088",6.60256828350003,Victoria Cross Station,4.115957605263096
2/8-10 Bardwell Road,Mosman,2088,1775000,2026-04-07,Apartment-Unit,3,2,2.0,NA,Private Treaty,Sunny security apartment with indoor/outdoor floorplan.,Domain,https://www.domain.com.au/2-8-10-bardwell-road-mosman-nsw-2088-2020622004,"2/8-10 Bardwell Road, Mosman, NSW 2088, Australia",NA,-33.82527437,151.2351664,exact_property,"ArcGIS World Geocoding Service; Subaddress; score 99.89; matched: 8 Bardwell Road, Unit 2, Mosman, Sydney, New South Wales, 2088",5.397238674105561,Victoria Cross Station,2.9158832768333163
22/40 Raglan Street,Mosman,2088,5025000,2026-04-02,Apartment-Unit,4,3,2.0,NA,Private Treaty,"Classic 1967 penthouse with harbour, city and Opera House panoramas and rooftop terrace.",Domain,https://www.domain.com.au/22-40-raglan-street-mosman-nsw-2088-2020561679,"22/40 Raglan Street, Mosman, NSW 2088, Australia",NA,-33.84046925,151.23400718,exact_property,"ArcGIS World Geocoding Service; Subaddress; score 100; matched: 40 Raglan Street, Unit 22, Mosman, Sydney, New South Wales, 2088",3.889640124018857,Milsons Point Station,2.1358525368075636
4/2 Musgrave Street,Mosman,2088,2287500,2026-03-20,Apartment-Unit,2,1,NA,80.0,Private Treaty,"Renovated apartment, one of four in a restored 1890s sea captain's mansion.",Domain,https://www.domain.com.au/4-2-musgrave-street-mosman-nsw-2088-2020620544,"4/2 Musgrave Street, Mosman, NSW 2088, Australia",NA,-33.84287829,151.23285333,exact_property,"ArcGIS World Geocoding Service; Subaddress; score 100; matched: 2 Musgrave Street, Unit 4, Mosman, Sydney, New South Wales, 2088",3.6108672606926704,Milsons Point Station,1.9704866809835628
1/46B Parriwi Road,Mosman,2088,4350000,2026-03-20,Apartment-Unit,3,2,2.0,NA,Private Treaty,Villa-style garden apartment with north-easterly harbour views near Chinaman's Beach.,Domain,https://www.domain.com.au/1-46b-parriwi-road-mosman-nsw-2088-2020638925,"1/46B Parriwi Road, Mosman, NSW 2088, Australia",NA,-33.81270587,151.24552174,exact_property,"ArcGIS World Geocoding Service; Subaddress; score 100; matched: 46B Parriwi Road, Unit 1, Mosman, Sydney, New South Wales, 2088",7.0778696481020384,Victoria Cross Station,4.489050671052231
3/13 McLeod Street,Mosman,2088,2080000,2026-05-15,Townhouse,3,2,2.0,155.6,Private Treaty,Split-level townhouse with the charm of a terrace and water/district views above Mosman Bay.,Domain,https://www.domain.com.au/3-13-mcleod-street-mosman-nsw-2088-2020616301,"3/13 McLeod Street, Mosman, NSW 2088, Australia",NA,-33.83976626,151.23288778,exact_property,"ArcGIS World Geocoding Service; Subaddress; score 100; matched: 13 Mcleod Street, Unit 3, Mosman, Sydney, New South Wales, 2088",3.8944787429888894,Milsons Point Station,2.061644602497716
4/19-21 Countess Street,Mosman,2088,3000000,2026-04-22,Townhouse,3,3,2.0,NA,Private Treaty,Architect-designed terrace with light-filled interiors in a boutique development.,Domain,https://www.domain.com.au/4-19-21-countess-street-mosman-nsw-2088-2020198142,"4/19-21 Countess Street, Mosman, NSW 2088, Australia",NA,-33.82146882,151.23606947,exact_property,"ArcGIS World Geocoding Service; Subaddress; score 99.9; matched: 19 Countess Street, Unit 4, Mosman, Sydney, New South Wales, 2088",5.814717623644131,Victoria Cross Station,3.2076004640837965
3/701 Military Road,Mosman,2088,2125000,2026-04-14,Townhouse,3,2,3.0,237.0,Private Treaty,Spacious townhouse in a boutique 6-unit block with soaring ceilings and ocean views.,Domain,https://www.domain.com.au/3-701-military-road-mosman-nsw-2088-2020310264,"3/701 Military Road, Mosman, NSW 2088, Australia",NA,-33.82743652,151.24370589,exact_property,"ArcGIS World Geocoding Service; Subaddress; score 100; matched: 701 Military Road, Unit 3, Mosman, Sydney, New South Wales, 2088",5.590185458702342,Victoria Cross Station,3.544628124429416
3/12 Earl Street,Mosman,2088,2900000,2026-03-21,Townhouse,3,2,2.0,NA,Private Treaty,Expertly renovated residence with herringbone oak flooring in a boutique 4-unit collection.,Domain,https://www.domain.com.au/3-12-earl-street-mosman-nsw-2088-2020554063,"3/12 Earl Street, Mosman, NSW 2088, Australia",NA,-33.82375863,151.2364107,exact_property,"ArcGIS World Geocoding Service; Subaddress; score 100; matched: 12 Earl Street, Unit 3, Mosman, Sydney, New South Wales, 2088",5.5993158804758645,Victoria Cross Station,3.098506398817245
5/30 Hale Road,Mosman,2088,1835000,2026-03-20,Townhouse,2,1,1.0,185.0,Private Treaty,"Two-storey townhouse in the ""Sutton Place"" development with landscaped gardens.",Domain,https://www.domain.com.au/5-30-hale-road-mosman-nsw-2088-2020615137,"5/30 Hale Road, Mosman, NSW 2088, Australia",NA,-33.82162547,151.23362572,exact_property,"ArcGIS World Geocoding Service; Subaddress; score 100; matched: 30 Hale Road, Unit 5, Mosman, Sydney, New South Wales, 2088",5.706393320036792,Victoria Cross Station,3.0134352591613
1/105-107 Cowles Road,Mosman,2088,2260000,2026-03-07,Townhouse,3,2,2.0,NA,Auction,Private townhouse with contemporary finishes and entertaining terrace amid mature gardens.,Domain,https://www.domain.com.au/1-105-107-cowles-road-mosman-nsw-2088-2020566558,"1/105-107 Cowles Road, Mosman, NSW 2088, Australia",NA,-33.822852,151.23906139,exact_property,"ArcGIS World Geocoding Service; Subaddress; score 99.85; matched: 105 Cowles Road, Unit 1, Mosman, Sydney, New South Wales, 2088",5.801560853859842,Victoria Cross Station,3.3610981259219113
2/9-11 Park Avenue,Mosman,2088,3300000,2026-03-02,Townhouse,4,2,2.0,NA,Private Treaty,Modern residence in a tranquil bayside location with house-like proportions.,Domain,https://www.domain.com.au/2-9-11-park-avenue-mosman-nsw-2088-2020442938,"2/9-11 Park Avenue, Mosman, NSW 2088, Australia",NA,-33.83365954,151.23443734,exact_property,"ArcGIS World Geocoding Service; Subaddress; score 99.89; matched: 9 Park Avenue, Unit 2, Mosman, Sydney, New South Wales, 2088",4.544960882690416,Milsons Point Station,2.4940779414472245
1/103 Cowles Road,Mosman,2088,2347000,2025-12-05,Townhouse,3,2,2.0,213.0,Private Treaty,Tri-level townhouse in a boutique 4-unit collection with front/rear sun-filled courtyards.,Domain,https://www.domain.com.au/1-103-cowles-road-mosman-nsw-2088-2020402797,"1/103 Cowles Road, Mosman, NSW 2088, Australia",NA,-33.8230553,151.23902317,exact_property,"ArcGIS World Geocoding Service; Subaddress; score 100; matched: 103 Cowles Road, Unit 1, Mosman, Sydney, New South Wales, 2088",5.779984031160093,Victoria Cross Station,3.3469451768695504
124 Thomas Street,Parramatta,2150,2300000,2026-06-27,House,3,1,1.0,739.0,Private Treaty,"Riverside development site adjacent to Parramatta River, near CBD/university/station.",Domain,https://www.domain.com.au/124-thomas-street-parramatta-nsw-2150-2020502073,"124 Thomas Street, Parramatta, NSW 2150, Australia",NA,-33.81267063,151.02123274,exact_property,"ArcGIS World Geocoding Service; PointAddress; score 100; matched: 124 Thomas Street, Parramatta, Sydney, New South Wales, 2150",18.456676869801218,Parramatta Station,1.5643010217295974
39 Pitt Street,Parramatta,2150,1438888,2026-05-27,House,5,3,2.0,319.8,Auction,City-fringe semi-detached residence offering lifestyle convenience and connectivity.,Domain,https://www.domain.com.au/39-pitt-street-parramatta-nsw-2150-2020824771,"39 Pitt Street, Parramatta, NSW 2150, Australia",NA,-33.82289269,150.99498674,exact_property,"ArcGIS World Geocoding Service; PointAddress; score 100; matched: 39 Pitt Street, Parramatta, Sydney, New South Wales, 2150",20.439876872376935,Parramatta Station,1.1282623676635588
11 Pemberton Street,Parramatta,2150,1610000,2026-05-27,House,3,1,1.0,461.6,Private Treaty,Free-standing home sold amid overwhelming buyer interest.,Domain,https://www.domain.com.au/11-pemberton-street-parramatta-nsw-2150-2020721730,"11 Pemberton Street, Parramatta, NSW 2150, Australia",NA,-33.81186219,151.01978116,exact_property,"ArcGIS World Geocoding Service; PointAddress; score 100; matched: 11 Pemberton Street, Parramatta, Sydney, New South Wales, 2150",18.61336076338801,Parramatta Station,1.4748907574706673
51 Gore Street,Parramatta,2150,1480000,2026-05-16,House,3,1,1.0,461.6,Auction,"Classic home with fresh modern updates, newly painted interiors.",Domain,https://www.domain.com.au/51-gore-street-parramatta-nsw-2150-2020775848,"51 Gore Street, Parramatta, NSW 2150, Australia",NA,-33.80906796,151.01674649,exact_property,"ArcGIS World Geocoding Service; PointAddress; score 100; matched: 51 Gore Street, Parramatta, Sydney, New South Wales, 2150",18.983900526923602,Parramatta Station,1.410851237888214
57 Pitt Street,Parramatta,2150,1310000,2026-05-12,House,4,2,2.0,236.0,Private Treaty,Torrens Title residence with layout designed for modern family living.,Domain,https://www.domain.com.au/57-pitt-street-parramatta-nsw-2150-2020749469,"57 Pitt Street, Parramatta, NSW 2150, Australia",NA,-33.82547495,150.99437989,exact_property,"ArcGIS World Geocoding Service; PointAddress; score 100; matched: 57 Pitt Street, Parramatta, Sydney, New South Wales, 2150",20.42423216639899,Harris Park Station,1.248335135201228
28 Marsden Street,Parramatta,2150,1555000,2026-05-02,House,3,1,1.0,505.9,Auction,Clad residence on generous parcel with wide frontage and R4 zoning.,Domain,https://www.domain.com.au/28-marsden-street-parramatta-nsw-2150-2020744269,"28 Marsden Street, Parramatta, NSW 2150, Australia",NA,-33.82512085,150.99954934,exact_property,"ArcGIS World Geocoding Service; PointAddress; score 100; matched: 28 Marsden Street, Parramatta, Sydney, New South Wales, 2150",19.97019849371945,Harris Park Station,0.7736992028781595
13 Morton Street,Parramatta,2150,1800000,2026-04-20,House,4,3,2.0,461.6,Private Treaty,Beautifully renovated four-bedroom family home in a peaceful cul-de-sac.,Domain,https://www.domain.com.au/13-morton-street-parramatta-nsw-2150-2020599158,"13 Morton Street, Parramatta, NSW 2150, Australia",NA,-33.81161576,151.01707632,exact_property,"ArcGIS World Geocoding Service; PointAddress; score 100; matched: 13 Morton Street, Parramatta, Sydney, New South Wales, 2150",18.857715582845632,Parramatta Station,1.2670155000634689
58 Crimea Street,Parramatta,2150,1620000,2026-02-09,House,3,2,2.0,613.4,Private Treaty,Three-bedroom free-standing home; strong local buyer interest.,Domain,https://www.domain.com.au/58-crimea-street-parramatta-nsw-2150-2020324677,"58 Crimea Street, Parramatta, NSW 2150, Australia",NA,-33.82287643,150.99400689,exact_property,"ArcGIS World Geocoding Service; PointAddress; score 100; matched: 58 Crimea Street, Parramatta, Sydney, New South Wales, 2150",20.527964223841135,Parramatta Station,1.2049472366013578
25 Lansdowne Street,Parramatta,2150,1500000,2025-12-13,House,3,1,2.0,NA,Auction,Classic weatherboard cottage with ornate ceilings; renovation/rebuild potential.,Domain,https://www.domain.com.au/25-lansdowne-street-parramatta-nsw-2150-2020416836,"25 Lansdowne Street, Parramatta, NSW 2150, Australia",2.0,-33.82238052,151.00182377,exact_property,"ArcGIS World Geocoding Service; PointAddress; score 100; matched: 25 Lansdowne Street, Parramatta, Sydney, New South Wales, 2150",19.843893019926387,Harris Park Station,0.5489574864271174
114 Thomas Street,Parramatta,2150,1360000,2025-12-13,House,3,2,1.0,381.0,Auction,Well-maintained three-bedroom residence in a developing precinct.,Domain,https://www.domain.com.au/114-thomas-street-parramatta-nsw-2150-2020439528,"114 Thomas Street, Parramatta, NSW 2150, Australia",2.0,-33.81261669,151.02039204,exact_property,"ArcGIS World Geocoding Service; PointAddress; score 100; matched: 114 Thomas Street, Parramatta, Sydney, New South Wales, 2150",18.531792307173536,Parramatta Station,1.4937363830603023
7A Irving Street,Parramatta,2150,1680000,2025-12-09,House,5,3,2.0,462.7,Private Treaty,Solid brick residence in a quiet cul-de-sac with gourmet kitchen and ensuite.,Domain,https://www.domain.com.au/7a-irving-street-parramatta-nsw-2150-2020289692,"7A Irving Street, Parramatta, NSW 2150, Australia",2.0,-33.81074819,151.0213376,exact_property,"ArcGIS World Geocoding Service; PointAddress; score 100; matched: 7A Irving Street, Parramatta, Sydney, New South Wales, 2150",18.52116105128901,Parramatta Station,1.658454683218255
7 Trott Street,Parramatta,2150,1150000,2025-12-06,House,2,1,2.0,NA,Auction,"Charming period home with renovation potential, possible commercial use (STCA).",Domain,https://www.domain.com.au/7-trott-street-parramatta-nsw-2150-2020418375,"7 Trott Street, Parramatta, NSW 2150, Australia",2.0,-33.80573976,151.00324182,exact_property,"ArcGIS World Geocoding Service; PointAddress; score 100; matched: 7 Trott Street, Parramatta, Sydney, New South Wales, 2150",20.282375455768157,Parramatta Station,1.320693722887449
1 Auburn Street,Parramatta,2150,1500000,2025-12-03,House,3,2,1.0,717.0,Private Treaty,Classic home with potential to renovate/rebuild; quiet family-oriented area.,Domain,https://www.domain.com.au/1-auburn-street-parramatta-nsw-2150-2020421139,"1 Auburn Street, Parramatta, NSW 2150, Australia",2.0,-33.82607534,150.99384303,exact_property,"ArcGIS World Geocoding Service; PointAddress; score 100; matched: 1 Auburn Street, Parramatta, Sydney, New South Wales, 2150",20.456740777700375,Merrylands Station,1.1864490887779722
42 Morton Street,Parramatta,2150,2125000,2025-11-17,House,5,3,2.0,NA,Private Treaty,Newly constructed semi-detached residence across two spacious levels.,Domain,https://www.domain.com.au/42-morton-street-parramatta-nsw-2150-2020287315,"42 Morton Street, Parramatta, NSW 2150, Australia",2.0,-33.80958776,151.01835155,exact_property,"ArcGIS World Geocoding Service; PointAddress; score 100; matched: 42 Morton Street, Parramatta, Sydney, New South Wales, 2150",18.824755440445053,Parramatta Station,1.4901359922915922
38 Inkerman Street,Parramatta,2150,2010500,2025-11-15,House,3,2,4.0,698.6,Auction,Fully renovated full-brick home near Parramatta Station and Westfield.,Domain,https://www.domain.com.au/38-inkerman-street-parramatta-nsw-2150-2020353724,"38 Inkerman Street, Parramatta, NSW 2150, Australia",2.0,-33.82365377,151.00044897,exact_property,"ArcGIS World Geocoding Service; PointAddress; score 100; matched: 38 Inkerman Street, Parramatta, Sydney, New South Wales, 2150",19.930245694188272,Harris Park Station,0.666045277428139
9 Carrington Street,Parramatta,2150,1785000,2025-09-20,House,5,3,2.0,455.0,Auction,"Contemporary rendered family home near schools, Westfield, and station.",Domain,https://www.domain.com.au/9-carrington-street-parramatta-nsw-2150-2020213990,"9 Carrington Street, Parramatta, NSW 2150, Australia",2.0,-33.82409579,150.99585368,exact_property,"ArcGIS World Geocoding Service; PointAddress; score 100; matched: 9 Carrington Street, Parramatta, Sydney, New South Wales, 2150",20.329101215177197,Harris Park Station,1.0928227843624339
1/77-79 Thomas Street,Parramatta,2150,1300000,2026-06-21,Townhouse,4,2,2.0,284.0,Auction,"Double brick townhouse offering the space of a standalone home, double lock-up garage.",Domain,https://www.domain.com.au/1-77-79-thomas-street-parramatta-nsw-2150-2020871307,"1/77-79 Thomas Street, Parramatta, NSW 2150, Australia",3.0,-33.81305259,151.02043336,exact_property,"ArcGIS World Geocoding Service; Subaddress; score 99.91; matched: 77 Thomas Street, Unit 1, Parramatta, Sydney, New South Wales, 2150",18.51187091185654,Parramatta Station,1.4804379420456864
1/28-30 Broughton Street,Parramatta,2150,1068000,2026-06-01,Townhouse,3,2,1.0,196.0,Private Treaty,Three-bedroom townhouse; agent noted overwhelming buyer interest.,Domain,https://www.domain.com.au/1-28-30-broughton-street-parramatta-nsw-2150-2020710655,"1/28-30 Broughton Street, Parramatta, NSW 2150, Australia",3.0,-33.8133758,151.01930532,exact_property,"ArcGIS World Geocoding Service; Subaddress; score 99.91; matched: 28 Broughton Street, Unit 1, Parramatta, Sydney, New South Wales, 2150",18.598099999406532,Parramatta Station,1.3702024852328494
4/6 Morton Street,Parramatta,2150,1200000,2026-05-10,Townhouse,4,2,2.0,299.0,Auction,"Full brick townhouse, ""299 sqm on title,"" multiple living zones.",Domain,https://www.domain.com.au/4-6-morton-street-parramatta-nsw-2150-2020768325,"4/6 Morton Street, Parramatta, NSW 2150, Australia",1.0,-33.81278026,151.01728185,exact_property,"ArcGIS World Geocoding Service; Subaddress; score 100; matched: 6 Morton Street, Unit 4, Parramatta, Sydney, New South Wales, 2150",18.796424581368417,Parramatta Station,1.2224986876266233
8/3-5 Irving Street,Parramatta,2150,1190000,2026-03-09,Townhouse,3,2,2.0,145.0,Auction,"Spacious three-bedroom townhouse at rear of boutique complex, paved courtyard.",Domain,https://www.domain.com.au/8-3-5-irving-street-parramatta-nsw-2150-2020617733,"8/3-5 Irving Street, Parramatta, NSW 2150, Australia",1.0,-33.81099248,151.02143835,exact_property,"ArcGIS World Geocoding Service; Subaddress; score 99.95; matched: 3 Irving Street, Unit 8, Parramatta, Sydney, New South Wales, 2150",18.50296225075397,Parramatta Station,1.654720734015683
10/43 Pemberton Street,Parramatta,2150,1101500,2026-01-31,Townhouse,3,2,2.0,204.0,Auction,"Full brick townhome with open-plan living/dining, tiled flooring, near CBD.",Domain,https://www.domain.com.au/10-43-pemberton-street-parramatta-nsw-2150-2020501944,"10/43 Pemberton Street, Parramatta, NSW 2150, Australia",1.0,-33.80894106,151.02020118,exact_property,"ArcGIS World Geocoding Service; Subaddress; score 100; matched: 43 Pemberton Street, Unit 10, Parramatta, Sydney, New South Wales, 2150",18.690360237848157,Parramatta Station,1.6710988046676736
3/11-15 King Street,Parramatta,2150,942000,2026-01-31,Townhouse,3,1,1.0,167.0,Auction,Stylishly renovated townhouse in boutique complex near CBD shopping/dining.,Domain,https://www.domain.com.au/3-11-15-king-street-parramatta-nsw-2150-2020502074,"3/11-15 King Street, Parramatta, NSW 2150, Australia",1.0,-33.8199216,150.99692455,exact_property,"ArcGIS World Geocoding Service; Subaddress; score 99.9; matched: 11 King Street, Unit 3, Parramatta, Sydney, New South Wales, 2150",20.352688757268005,Parramatta Station,0.821786501124872
2/25-29 O'Connell Street,Parramatta,2150,851000,2026-01-30,Townhouse,2,1,1.0,116.0,Private Treaty,"Recently renovated townhouse with bright, open living spaces near CBD.",Domain,https://www.domain.com.au/2-25-29-o-connell-street-parramatta-nsw-2150-2020415770,"2/25-29 O'Connell Street, Parramatta, NSW 2150, Australia",NA,-33.80533768,151.00231403,exact_property,"ArcGIS World Geocoding Service; Subaddress; score 99.91; matched: 25 O'connell Street, Unit 2, Parramatta, Sydney, New South Wales, 2150",20.378285821907216,Westmead Station,1.37745337514819
6/28 Broughton Street,Parramatta,2150,1000000,2026-01-15,Townhouse,3,2,1.0,NA,Private Treaty,"Townhouse with granite gas kitchen, ensuite, secure garage, near university.",Domain,https://www.domain.com.au/6-28-broughton-street-parramatta-nsw-2150-2020470829,"6/28 Broughton Street, Parramatta, NSW 2150, Australia",1.0,-33.8133758,151.01930532,exact_property,"ArcGIS World Geocoding Service; Subaddress; score 100; matched: 28 Broughton Street, Unit 6, Parramatta, Sydney, New South Wales, 2150",18.598099999406532,Parramatta Station,1.3702024852328494
508/125 Arthur Street,Parramatta,2150,793900,2026-06-30,Apartment-Unit,2,2,1.0,NA,Private Treaty,"Level 5 apartment, north-east aspect, district views, one of three units on its level.",Domain,https://www.domain.com.au/508-125-arthur-street-parramatta-nsw-2150-2020985656,"508/125 Arthur Street, Parramatta, NSW 2150, Australia",1.0,-33.81875559,151.01961294,approximate_address,"ArcGIS World Geocoding Service; PointAddress; score 100; matched: 125 Arthur Street, Parramatta, Sydney, New South Wales, 2150",18.380920947806192,Harris Park Station,1.2176129002542107
625/88 Church Street,Parramatta,2150,520000,2026-06-29,Apartment-Unit,1,1,NA,NA,Auction,"Modern West Village apartment, bright north-east aspect, open interiors.",Domain,https://www.domain.com.au/625-88-church-street-parramatta-nsw-2150-2020794062,"625/88 Church Street, Parramatta, NSW 2150, Australia",1.0,-33.82003974,151.00417842,exact_property,"ArcGIS World Geocoding Service; Subaddress; score 100; matched: 88 Church Street, Unit 625, Parramatta, Sydney, New South Wales, 2150",19.704278933182245,Parramatta Station,0.3026322732726156
841/180 George Street,Parramatta,2150,600000,2026-06-29,Apartment-Unit,2,1,NA,NA,Private Treaty,"Contemporary apartment with river views, bonus multipurpose room.",Domain,https://www.domain.com.au/841-180-george-street-parramatta-nsw-2150-2020520238,"841/180 George Street, Parramatta, NSW 2150, Australia",NA,-33.81433875,151.01005036,exact_property,"ArcGIS World Geocoding Service; Subaddress; score 100; matched: 180 George Street, Unit 841, Parramatta, Sydney, New South Wales, 2150",19.372796289992962,Parramatta Station,0.5597998825656406
203/36-46 Cowper Street,Parramatta,2150,600000,2026-06-26,Apartment-Unit,2,2,1.0,NA,Private Treaty,"Contemporary two-bedroom apartment in Parramatta CBD, bright open plan.",Domain,https://www.domain.com.au/203-36-46-cowper-street-parramatta-nsw-2150-2020859335,"203/36-46 Cowper Street, Parramatta, NSW 2150, Australia",NA,-33.82000705,151.00702609,exact_property,"ArcGIS World Geocoding Service; Subaddress; score 99.91; matched: 36 Cowper Street, Unit 203, Parramatta, Sydney, New South Wales, 2150",19.452591117322843,Parramatta Station,0.3209589756213589
2501/45 Macquarie Street,Parramatta,2150,560000,2026-06-26,Apartment-Unit,1,1,1.0,NA,Private Treaty,"Luxury apartment in landmark building, huge main bedroom plus study.",Domain,https://www.domain.com.au/2501-45-macquarie-st-parramatta-nsw-2150-2019567875,"2501/45 Macquarie Street, Parramatta, NSW 2150, Australia",NA,-33.81499769,151.00099925,exact_property,"ArcGIS World Geocoding Service; Subaddress; score 100; matched: 45 Macquarie Street, Unit 2501, Parramatta, Sydney, New South Wales, 2150",20.14657537158172,Parramatta Station,0.4863341506986463
4/29A Great Western Highway,Parramatta,2150,420000,2026-06-25,Apartment-Unit,2,1,1.0,NA,Private Treaty,Sun-filled two-bedroom apartment in boutique full-brick complex of 15.,Domain,https://www.domain.com.au/4-29a-great-western-highway-parramatta-nsw-2150-2020814643,"4/29A Great Western Highway, Parramatta, NSW 2150, Australia",1.0,-33.81989386,151.00108114,exact_property,"ArcGIS World Geocoding Service; Subaddress; score 100; matched: 29A Great Western Highway, Unit 4, Parramatta, Sydney, New South Wales, 2150",19.983859621481237,Parramatta Station,0.4744869646983552
18/3 Good Street,Parramatta,2150,710000,2026-06-25,Apartment-Unit,2,2,1.0,NA,Private Treaty,"Fourth-floor apartment in resort-style security complex, freshly renovated.",Domain,https://www.domain.com.au/18-3-good-street-parramatta-nsw-2150-2020826525,"18/3 Good Street, Parramatta, NSW 2150, Australia",NA,-33.81777076,150.9938639,exact_property,"ArcGIS World Geocoding Service; Subaddress; score 100; matched: 3 Good Street, Unit 18, Parramatta, Sydney, New South Wales, 2150",20.68977271519926,Parramatta Station,1.0592611783148844
1204/45 Macquarie Street,Parramatta,2150,515000,2026-06-16,Apartment-Unit,1,1,1.0,NA,Private Treaty,"One-bedroom apartment in central Parramatta, strong buyer interest.",Domain,https://www.domain.com.au/1204-45-macquarie-street-parramatta-nsw-2150-2020795901,"1204/45 Macquarie Street, Parramatta, NSW 2150, Australia",NA,-33.81481899,151.0011041,exact_property,"ArcGIS World Geocoding Service; Subaddress; score 100; matched: 45 Macquarie Street, Unit 1204, Parramatta, Sydney, New South Wales, 2150",20.14326025274091,Parramatta Station,0.4901862583994255
2802/88 Church Street,Parramatta,2150,879000,2026-05-22,Apartment-Unit,2,2,1.0,NA,Private Treaty,High-rise 28th-floor West Village apartment with sweeping urban views.,Domain,https://www.domain.com.au/2802-88-church-street-parramatta-nsw-2150-2020607047,"2802/88 Church Street, Parramatta, NSW 2150, Australia",NA,-33.81945167,151.00416828,exact_property,"ArcGIS World Geocoding Service; Subaddress; score 100; matched: 88 Church Street, Unit 2802, Parramatta, Sydney, New South Wales, 2150",19.72333423915949,Parramatta Station,0.24287136843701984
6/14 Queens Avenue,Parramatta,2150,588000,2026-05-29,Apartment-Unit,2,1,1.0,NA,Private Treaty,North-facing double brick apartment in well-maintained complex of 18.,Domain,https://www.domain.com.au/6-14-queens-avenue-parramatta-nsw-2150-2020841182,"6/14 Queens Avenue, Parramatta, NSW 2150, Australia",NA,-33.8122732,151.01060734,exact_property,"ArcGIS World Geocoding Service; Subaddress; score 100; matched: 14 Queens Avenue, Unit 6, Parramatta, Sydney, New South Wales, 2150",19.39735383343347,Parramatta Station,0.7580770108596315
4536/180 George Street,Parramatta,2150,945000,2026-05-22,Apartment-Unit,2,2,1.0,NA,Private Treaty,Luxury apartment on level 45 of Parramatta's tallest residential tower.,Domain,https://www.domain.com.au/4536-180-george-street-parramatta-nsw-2150-2020631565,"4536/180 George Street, Parramatta, NSW 2150, Australia",NA,-33.81433875,151.01005036,exact_property,"ArcGIS World Geocoding Service; Subaddress; score 100; matched: 180 George Street, Unit 4536, Parramatta, Sydney, New South Wales, 2150",19.372796289992962,Parramatta Station,0.5597998825656406
613/22 Charles Street,Parramatta,2150,430000,2026-05-22,Apartment-Unit,1,1,1.0,NA,Private Treaty,Centrally-located apartment with expansive open-plan living and dining.,Domain,https://www.domain.com.au/613-22-charles-street-parramatta-nsw-2150-2020271324,"613/22 Charles Street, Parramatta, NSW 2150, Australia",NA,-33.81537484,151.00947343,exact_property,"ArcGIS World Geocoding Service; Subaddress; score 100; matched: 22 Charles Street, Unit 613, Parramatta, Sydney, New South Wales, 2150",19.387699529445754,Parramatta Station,0.44967510512676007
505/88 Church Street,Parramatta,2150,555000,2026-05-21,Apartment-Unit,1,1,1.0,NA,Private Treaty,Level 5 West Village apartment with dedicated home-office study area.,Domain,https://www.domain.com.au/505-88-church-street-parramatta-nsw-2150-2020824094,"505/88 Church Street, Parramatta, NSW 2150, Australia",NA,-33.81945167,151.00416828,exact_property,"ArcGIS World Geocoding Service; Subaddress; score 100; matched: 88 Church Street, Unit 505, Parramatta, Sydney, New South Wales, 2150",19.72333423915949,Parramatta Station,0.24287136843701984
31/478 Church Street,Parramatta,2150,680000,2026-05-14,Apartment-Unit,2,2,2.0,NA,Private Treaty,"Spacious North Parramatta apartment, dual balconies, skyline views.",Domain,https://www.domain.com.au/31-478-church-street-parramatta-nsw-2150-2020864175,"31/478 Church Street, Parramatta, NSW 2150, Australia",NA,-33.80427556,151.00621539,exact_property,"ArcGIS World Geocoding Service; Subaddress; score 100; matched: 478 Church Street, Unit 31, Parramatta, Sydney, New South Wales, 2150",20.082633281981206,Parramatta Station,1.4717073653321695
32/1 Macquarie Street,Parramatta,2150,675000,2026-05-21,Apartment-Unit,2,2,1.0,NA,Private Treaty,"Level 4 Central Park apartment with entertainers' balcony, gas kitchen.",Domain,https://www.domain.com.au/32-1-macquarie-street-parramatta-nsw-2150-2020667356,"32/1 Macquarie Street, Parramatta, NSW 2150, Australia",NA,-33.81425124,150.99818385,exact_property,"ArcGIS World Geocoding Service; Subaddress; score 100; matched: 1 Macquarie Street, Unit 32, Parramatta, Sydney, New South Wales, 2150",20.419594281224672,Parramatta Station,0.7516371804071813
1917/45 Macquarie Street,Parramatta,2150,720000,2026-05-21,Apartment-Unit,2,2,1.0,NA,Private Treaty,"Luxury CBD apartment, designer kitchen with SMEG appliances and stone benchtops.",Domain,https://www.domain.com.au/1917-45-macquarie-st-parramatta-nsw-2150-2020779634,"1917/45 Macquarie Street, Parramatta, NSW 2150, Australia",NA,-33.81525305,151.00093077,exact_property,"ArcGIS World Geocoding Service; Subaddress; score 100; matched: 45 Macquarie Street, Unit 1917, Parramatta, Sydney, New South Wales, 2150",20.144176189947245,Parramatta Station,0.47611278150629494
84 Medley Avenue,Liverpool,2170,1050000,2026-06-06,House,3,1,3.0,510.0,Auction,"Well-maintained family home with pool, pergola and detached workshop/garage on a generous block.",Domain,https://www.domain.com.au/84-medley-avenue-liverpool-nsw-2170-2020828961,"84 Medley Avenue, Liverpool, NSW 2170, Australia",NA,-33.9115402,150.91095749,exact_property,"ArcGIS World Geocoding Service; PointAddress; score 100; matched: 84 Medley Avenue, Liverpool, Sydney, New South Wales, 2170",27.945214960326698,Liverpool Station,2.120780776196121
119 Atkinson Street,Liverpool,2170,1265000,2026-06-02,House,3,1,4.0,657.7,Sold prior to auction,"Clad home on an R3 medium-density block, walking distance to Liverpool CBD.",Domain,https://www.domain.com.au/119-atkinson-street-liverpool-nsw-2170-2020855872,"119 Atkinson Street, Liverpool, NSW 2170, Australia",NA,-33.92981225,150.91313561,exact_property,"ArcGIS World Geocoding Service; PointAddress; score 100; matched: 119 Atkinson Street, Liverpool, Sydney, New South Wales, 2170",28.16348992075152,Liverpool Station,1.4176834644358698
151 Memorial Avenue,Liverpool,2170,1210000,2026-06-01,House,3,1,1.0,537.5,Private Treaty,"Renovated corner-block residence (R4 zoning) near CBD, hospital and station.",Domain,https://www.domain.com.au/151-memorial-avenue-liverpool-nsw-2170-2020574029,"151 Memorial Avenue, Liverpool, NSW 2170, Australia",NA,-33.9229411,150.91030605,exact_property,"ArcGIS World Geocoding Service; PointAddress; score 100; matched: 151 Memorial Avenue, Liverpool, Sydney, New South Wales, 2170",28.245448328514964,Liverpool Station,1.5860606470125809
133 Orange Grove Road,Liverpool,2170,1090000,2026-06-09,House,3,1,4.0,664.0,Private Treaty,"Family home with open-plan kitchen/sunroom and double garage, R3 zoning.",Domain,https://www.domain.com.au/133-orange-grove-road-liverpool-nsw-2170-2020838192,"133 Orange Grove Road, Liverpool, NSW 2170, Australia",NA,-33.91336867,150.91918273,exact_property,"ArcGIS World Geocoding Service; PointAddress; score 100; matched: 133 Orange Grove Road, Liverpool, Sydney, New South Wales, 2170",27.23334219498496,Warwick Farm Station,1.4684188609611672
96A Reilly Street,Liverpool,2170,1175000,2026-05-08,House,3,3,1.0,NA,Private Treaty,"Contemporary home with master ensuite/WIR, no strata fees.",Domain,https://www.domain.com.au/96a-reilly-street-liverpool-nsw-2170-2020653035,"96A Reilly Street, Liverpool, NSW 2170, Australia",NA,-33.93352929,150.90582206,exact_property,"ArcGIS World Geocoding Service; PointAddress; score 100; matched: 96A Reilly Street, Liverpool, Sydney, New South Wales, 2170",28.918563687746346,Casula Station,1.9358676164247595
20 Mayberry Crescent,Liverpool,2170,1000000,2026-04-13,House,3,1,1.0,674.0,Private Treaty,Development-potential block; possible knockdown-rebuild or house+granny flat (STCA).,Domain,https://www.domain.com.au/20-mayberry-crescent-liverpool-nsw-2170-2020666839,"20 Mayberry Crescent, Liverpool, NSW 2170, Australia",NA,-33.919997,150.91386978,exact_property,"ArcGIS World Geocoding Service; PointAddress; score 100; matched: 20 Mayberry Crescent, Liverpool, Sydney, New South Wales, 2170",27.855888291526426,Liverpool Station,1.3574356625885593
10 Lehmann Avenue,Liverpool,2170,1270000,2026-04-28,House,4,2,2.0,556.4,Private Treaty,"Updated family home with in-ground pool, close to shops/parks/schools.",Domain,https://www.domain.com.au/10-lehmann-avenue-liverpool-nsw-2170-2020600326,"10 Lehmann Avenue, Liverpool, NSW 2170, Australia",NA,-33.91642681,150.90813606,exact_property,"ArcGIS World Geocoding Service; PointAddress; score 100; matched: 10 Lehmann Avenue, Liverpool, Sydney, New South Wales, 2170",28.297737194171763,Liverpool Station,2.0073500655630263
271 Memorial Avenue,Liverpool,2170,1505000,2026-04-02,House,3,1,1.0,885.2,Sold prior to auction,Brick home with development potential (STCA) and bush views.,Domain,https://www.domain.com.au/271-memorial-avenue-liverpool-nsw-2170-2020690624,"271 Memorial Avenue, Liverpool, NSW 2170, Australia",NA,-33.92537784,150.90041766,exact_property,"ArcGIS World Geocoding Service; PointAddress; score 100; matched: 271 Memorial Avenue, Liverpool, Sydney, New South Wales, 2170",29.194587766838268,Liverpool Station,2.4834575103061427
54 Passefield Street,Liverpool,2170,1525000,2026-03-31,House,3,1,1.0,618.3,Private Treaty,"Solid brick residence suited to knockdown/rebuild, near Liverpool City Centre.",Domain,https://www.domain.com.au/54-passefield-street-liverpool-nsw-2170-2020730864,"54 Passefield Street, Liverpool, NSW 2170, Australia",NA,-33.93102264,150.91197203,exact_property,"ArcGIS World Geocoding Service; PointAddress; score 100; matched: 54 Passefield Street, Liverpool, Sydney, New South Wales, 2170",28.300144639789274,Liverpool Station,1.5706113279445562
4 Hindmarsh Road,Liverpool,2170,1100000,2026-03-28,House,3,2,3.0,363.8,Sold prior to auction,Parkside home opposite Schell Park with triple car accommodation.,Domain,https://www.domain.com.au/4-hindmarsh-road-liverpool-nsw-2170-2020643472,"4 Hindmarsh Road, Liverpool, NSW 2170, Australia",3.0,-33.91173735,150.91431419,exact_property,"ArcGIS World Geocoding Service; PointAddress; score 100; matched: 4 Hindmarsh Road, Liverpool, Sydney, New South Wales, 2170",27.643689562585337,Liverpool Station,1.8955437614315216
24 Rose Street,Liverpool,2170,1732000,2026-03-28,House,5,2,2.0,815.0,Auction,Full brick residence with self-contained accommodation area.,Domain,https://www.domain.com.au/24-rose-street-liverpool-nsw-2170-2020645573,"24 Rose Street, Liverpool, NSW 2170, Australia",2.0,-33.93240293,150.91424579,exact_property,"ArcGIS World Geocoding Service; PointAddress; score 100; matched: 24 Rose Street, Liverpool, Sydney, New South Wales, 2170",28.13468185996365,Liverpool Station,1.46559396207162
21 Raine Avenue,Liverpool,2170,1190000,2026-03-23,House,3,1,1.0,674.0,Private Treaty,"Level 674sqm block zoned low-density residential, renovation potential.",Domain,https://www.domain.com.au/21-raine-avenue-liverpool-nsw-2170-2020691606,"21 Raine Avenue, Liverpool, NSW 2170, Australia",2.0,-33.93273938,150.90749635,exact_property,"ArcGIS World Geocoding Service; PointAddress; score 100; matched: 21 Raine Avenue, Liverpool, Sydney, New South Wales, 2170",28.747204894624367,Casula Station,1.983388134664223
6 Gill Avenue,Liverpool,2170,1705000,2026-02-28,House,3,1,2.0,689.2,Auction,"Corner-lot brick residence, R4-zoned, renovation/development potential.",Domain,https://www.domain.com.au/6-gill-avenue-liverpool-nsw-2170-2020571015,"6 Gill Avenue, Liverpool, NSW 2170, Australia",2.0,-33.9289109,150.91249993,exact_property,"ArcGIS World Geocoding Service; PointAddress; score 100; matched: 6 Gill Avenue, Liverpool, Sydney, New South Wales, 2170",28.1966492804062,Liverpool Station,1.4380704897093999
27 Hindmarsh Road,Liverpool,2170,1420000,2026-02-05,House,3,2,2.0,556.0,Private Treaty,"Home with split-system A/C, manicured gardens, strong curb appeal.",Domain,https://www.domain.com.au/27-hindmarsh-road-liverpool-nsw-2170-2020549702,"27 Hindmarsh Road, Liverpool, NSW 2170, Australia",2.0,-33.91303667,150.91335144,exact_property,"ArcGIS World Geocoding Service; PointAddress; score 100; matched: 27 Hindmarsh Road, Liverpool, Sydney, New South Wales, 2170",27.756258036710516,Liverpool Station,1.8469970456034097
12 Congressional Drive,Liverpool,2170,1465500,2026-01-31,House,3,1,2.0,556.4,Auction,Double-storey home with elevated views and updated kitchen.,Domain,https://www.domain.com.au/12-congressional-drive-liverpool-nsw-2170-2020504868,"12 Congressional Drive, Liverpool, NSW 2170, Australia",2.0,-33.93594495,150.91679724,exact_property,"ArcGIS World Geocoding Service; PointAddress; score 100; matched: 12 Congressional Drive, Liverpool, Sydney, New South Wales, 2170",28.008690114552216,Liverpool Station,1.563646946649474
3 Dale Avenue,Liverpool,2170,1605000,2026-01-22,House,3,1,3.0,714.5,Auction,Maintained brick home on 714sqm block with 27m frontage.,Domain,https://www.domain.com.au/3-dale-avenue-liverpool-nsw-2170-2020525436,"3 Dale Avenue, Liverpool, NSW 2170, Australia",2.0,-33.92600066,150.90492034,exact_property,"ArcGIS World Geocoding Service; PointAddress; score 100; matched: 3 Dale Avenue, Liverpool, Sydney, New South Wales, 2170",28.80402369095241,Liverpool Station,2.0709438732338583
6/22 Speed Street,Liverpool,2170,410000,2026-06-04,Apartment-Unit,2,1,1.0,NA,Private Treaty,Two-bedroom apartment with hardwood flooring.,Domain,https://www.domain.com.au/6-22-speed-street-liverpool-nsw-2170-2020785751,"6/22 Speed Street, Liverpool, NSW 2170, Australia",2.0,-33.92700804,150.92463282,exact_property,"ArcGIS World Geocoding Service; Subaddress; score 100; matched: 22 Speed Street, Unit 6, Liverpool, Sydney, New South Wales, 2170",27.058963941043316,Liverpool Station,0.33971111650329255
4/25 Norfolk Street,Liverpool,2170,390000,2026-06-04,Apartment-Unit,2,1,1.0,95.0,Private Treaty,"First-floor unit recently painted, new floorboards, BIR storage.",Domain,https://www.domain.com.au/4-25-norfolk-street-liverpool-nsw-2170-2020738031,"4/25 Norfolk Street, Liverpool, NSW 2170, Australia",2.0,-33.92624491,150.91821856,exact_property,"ArcGIS World Geocoding Service; Subaddress; score 100; matched: 25 Norfolk Street, Unit 4, Liverpool, Sydney, New South Wales, 2170",27.614512896658326,Liverpool Station,0.8532093891032804
10/25 Mill Road,Liverpool,2170,420000,2026-06-04,Apartment-Unit,2,1,1.0,NA,Private Treaty,"Well-presented two-bedroom first-floor unit, tenanted.",Domain,https://www.domain.com.au/10-25-mill-road-liverpool-nsw-2170-2020830498,"10/25 Mill Road, Liverpool, NSW 2170, Australia",2.0,-33.9291805,150.92047581,exact_property,"ArcGIS World Geocoding Service; Subaddress; score 100; matched: 25 Mill Road, Unit 10, Liverpool, Sydney, New South Wales, 2170",27.489322304905464,Liverpool Station,0.7895815483962171
14/125 Memorial Avenue,Liverpool,2170,403000,2026-06-03,Apartment-Unit,1,1,1.0,NA,Private Treaty,One-bedroom apartment.,Domain,https://www.domain.com.au/14-125-memorial-avenue-liverpool-nsw-2170-2020787477,"14/125 Memorial Avenue, Liverpool, NSW 2170, Australia",2.0,-33.92318552,150.91272515,exact_property,"ArcGIS World Geocoding Service; Subaddress; score 100; matched: 125 Memorial Avenue, Unit 14, Liverpool, Sydney, New South Wales, 2170",28.03315437565426,Liverpool Station,1.361251375561585
75/387 Macquarie Street,Liverpool,2170,580000,2026-06-13,Apartment-Unit,2,2,1.0,124.0,Private Treaty,Light-filled apartment with skyline views.,Domain,https://www.domain.com.au/75-387-macquarie-street-liverpool-nsw-2170-2020663431,"75/387 Macquarie Street, Liverpool, NSW 2170, Australia",NA,-33.9268606,150.91968967,exact_property,"ArcGIS World Geocoding Service; Subaddress; score 100; matched: 387 Macquarie Street, Unit 75, Liverpool, Sydney, New South Wales, 2170",27.498334903424414,Liverpool Station,0.7368601423230116
2602/311 Hume Highway,Liverpool,2170,545000,2026-05-29,Apartment-Unit,1,1,1.0,NA,Private Treaty,26th-floor ALAND apartment with panoramic Sydney CBD views.,Domain,https://www.domain.com.au/2602-311-hume-highway-liverpool-nsw-2170-2020567231,"2602/311 Hume Highway, Liverpool, NSW 2170, Australia",NA,-33.92924831,150.91725833,exact_property,"ArcGIS World Geocoding Service; Subaddress; score 100; matched: 311 Hume Highway, Unit 2602, Liverpool, Sydney, New South Wales, 2170",27.77919126610962,Liverpool Station,1.046006614530609
504/30 Shepherd Street,Liverpool,2170,620000,2026-05-27,Apartment-Unit,2,2,1.0,NA,Private Treaty,Level 5 apartment in Paper Mill precinct with Georges River views.,Domain,https://www.domain.com.au/504-30-shepherd-street-liverpool-nsw-2170-2020875145,"504/30 Shepherd Street, Liverpool, NSW 2170, Australia",NA,-33.93293882,150.92289994,exact_property,"ArcGIS World Geocoding Service; Subaddress; score 100; matched: 30 Shepherd Street, Unit 504, Liverpool, Sydney, New South Wales, 2170",27.377734782281454,Liverpool Station,0.9800969053012434
40/33-35 Charles Street,Liverpool,2170,585000,2026-05-27,Apartment-Unit,2,2,1.0,NA,Private Treaty,Top-floor apartment with sweeping district views.,Domain,https://www.domain.com.au/40-33-35-charles-street-liverpool-nsw-2170-2020845990,"40/33-35 Charles Street, Liverpool, NSW 2170, Australia",NA,-33.93001044,150.91868753,exact_property,"ArcGIS World Geocoding Service; Subaddress; score 99.91; matched: 33 Charles Street, Unit 40, Liverpool, Sydney, New South Wales, 2170",27.67182841910533,Liverpool Station,0.9772936455753984
Unit 2904/311 Hume Highway,Liverpool,2170,650500,2026-05-26,Apartment-Unit,2,2,1.0,NA,Private Treaty,26th-floor apartment with panoramic Sydney CBD views.,Domain,https://www.domain.com.au/unit-2904-311-hume-highway-liverpool-nsw-2170-2020889151,"Unit 2904/311 Hume Highway, Liverpool, NSW 2170, Australia",NA,-33.92924831,150.91725833,exact_property,"ArcGIS World Geocoding Service; Subaddress; score 100; matched: 311 Hume Highway, Unit 2904, Liverpool, Sydney, New South Wales, 2170",27.77919126610962,Liverpool Station,1.046006614530609
35/24-26 George Street,Liverpool,2170,560000,2026-05-26,Apartment-Unit,2,1,1.0,105.0,Private Treaty,Modern apartment near Westfield and Liverpool Station.,Domain,https://www.domain.com.au/35-24-26-george-street-liverpool-nsw-2170-2020801343,"35/24-26 George Street, Liverpool, NSW 2170, Australia",NA,-33.91691719,150.92655277,approximate_address,"ArcGIS World Geocoding Service; PointAddress; score 99.53; matched: 24 George Street, Liverpool, Sydney, New South Wales, 2170",26.640613722755464,Warwick Farm Station,0.8841741130452355
18/22 Nagle Street,Liverpool,2170,400000,2026-05-21,Apartment-Unit,2,1,1.0,72.0,Private Treaty,2-bedroom apartment with lock-up garage in 24-residence complex.,Domain,https://www.domain.com.au/18-22-nagle-street-liverpool-nsw-2170-2020740822,"18/22 Nagle Street, Liverpool, NSW 2170, Australia",NA,-33.92822778,150.92227675,exact_property,"ArcGIS World Geocoding Service; Subaddress; score 100; matched: 22 Nagle Street, Unit 18, Liverpool, Sydney, New South Wales, 2170",27.30248011194204,Liverpool Station,0.5932554578752177
1/4 Beale Street,Liverpool,2170,420000,2026-05-21,Apartment-Unit,2,1,1.0,90.0,Private Treaty,Light-filled living/dining with internal laundry access.,Domain,https://www.domain.com.au/1-4-beale-street-liverpool-nsw-2170-2020722959,"1/4 Beale Street, Liverpool, NSW 2170, Australia",NA,-33.92326879,150.91550459,exact_property,"ArcGIS World Geocoding Service; Subaddress; score 100; matched: 4 Beale Street, Unit 1, Liverpool, Sydney, New South Wales, 2170",27.78471862189252,Liverpool Station,1.1064282265507555
204/32 Shepherd Street,Liverpool,2170,475000,2026-05-21,Apartment-Unit,1,1,1.0,93.0,Private Treaty,"Contemporary apartment; building has gym, pool, secure parking.",Domain,https://www.domain.com.au/204-32-shepherd-street-liverpool-nsw-2170-2020717572,"204/32 Shepherd Street, Liverpool, NSW 2170, Australia",NA,-33.93339057,150.92243097,exact_property,"ArcGIS World Geocoding Service; Subaddress; score 100; matched: 32 Shepherd Street, Unit 204, Liverpool, Sydney, New South Wales, 2170",27.43256569433778,Liverpool Station,1.0439552000534909
301/52-54 Copeland Street,Liverpool,2170,520000,2026-05-20,Apartment-Unit,2,1,1.0,NA,Private Treaty,Light-filled apartment with generous entertainers balcony.,Domain,https://www.domain.com.au/301-52-54-copeland-street-liverpool-nsw-2170-2020734257,"301/52-54 Copeland Street, Liverpool, NSW 2170, Australia",NA,-33.92119532,150.91952539,exact_property,"ArcGIS World Geocoding Service; Subaddress; score 99.91; matched: 52 Copeland Street, Unit 301, Liverpool, Sydney, New South Wales, 2170",27.372972622490508,Liverpool Station,0.8309927410672051
4/13 Speed Street,Liverpool,2170,405000,2026-05-20,Apartment-Unit,2,1,1.0,NA,Private Treaty,Second-floor unit with private balcony and A/C.,Domain,https://www.domain.com.au/4-13-speed-street-liverpool-nsw-2170-2020756670,"4/13 Speed Street, Liverpool, NSW 2170, Australia",NA,-33.92710154,150.92391943,exact_property,"ArcGIS World Geocoding Service; Subaddress; score 100; matched: 13 Speed Street, Unit 4, Liverpool, Sydney, New South Wales, 2170",27.12536858472846,Liverpool Station,0.3967327807345646
8/9 Elizabeth Street,Liverpool,2170,720000,2026-05-19,Apartment-Unit,3,2,1.0,154.0,Private Treaty,Second-floor apartment with views over Bigge Park.,Domain,https://www.domain.com.au/8-9-elizabeth-street-liverpool-nsw-2170-2020831433,"8/9 Elizabeth Street, Liverpool, NSW 2170, Australia",NA,-33.92048902,150.92781157,exact_property,"ArcGIS World Geocoding Service; Subaddress; score 100; matched: 9 Elizabeth Street, Unit 8, Liverpool, Sydney, New South Wales, 2170",26.609223223316295,Liverpool Station,0.49549429163458764
14/2 Calabro Avenue,Liverpool,2170,779000,2026-06-06,Townhouse,2,1,1.0,NA,Private Treaty,"Double-storey townhouse, move-in ready, renovated kitchen.",Domain,https://www.domain.com.au/14-2-calabro-avenue-liverpool-nsw-2170-2020887955,"14/2 Calabro Avenue, Liverpool, NSW 2170, Australia",NA,-33.92831742,150.90687634,exact_property,"ArcGIS World Geocoding Service; Subaddress; score 100; matched: 2 Calabro Avenue, Unit 14, Liverpool, Sydney, New South Wales, 2170",28.685942537314297,Liverpool Station,1.9242931019010325
4/66 Passefield Street,Liverpool,2170,795000,2026-04-09,Townhouse,2,2,2.0,192.0,Private Treaty,Open-plan living/dining flowing to covered alfresco entertaining.,Domain,https://www.domain.com.au/4-66-passefield-street-liverpool-nsw-2170-2020672220,"4/66 Passefield Street, Liverpool, NSW 2170, Australia",NA,-33.93087055,150.91029867,exact_property,"ArcGIS World Geocoding Service; Subaddress; score 100; matched: 66 Passefield Street, Unit 4, Liverpool, Sydney, New South Wales, 2170",28.445838561947134,Liverpool Station,1.7045547251462279
3/32-34 Reilly Street,Liverpool,2170,750000,2026-02-25,Townhouse,2,1,1.0,NA,Private Treaty,"Well-maintained complex, open-plan living, near Liverpool CBD.",Domain,https://www.domain.com.au/3-32-34-reilly-street-liverpool-nsw-2170-2020544364,"3/32-34 Reilly Street, Liverpool, NSW 2170, Australia",NA,-33.93435302,150.91186223,exact_property,"ArcGIS World Geocoding Service; Subaddress; score 99.9; matched: 32 Reilly Street, Unit 3, Liverpool, Sydney, New South Wales, 2170",28.40222760547,Casula Station,1.763276228236192
2/20 Shepherd Street,Liverpool,2170,850000,2026-02-07,Townhouse,3,2,2.0,NA,Auction,Contemporary townhouse in Paper Mill riverside precinct.,Domain,https://www.domain.com.au/2-20-shepherd-street-liverpool-nsw-2170-2020453822,"2/20 Shepherd Street, Liverpool, NSW 2170, Australia",NA,-33.93224585,150.92334108,exact_property,"ArcGIS World Geocoding Service; Subaddress; score 100; matched: 20 Shepherd Street, Unit 2, Liverpool, Sydney, New South Wales, 2170",27.318532090389166,Liverpool Station,0.8931038218684239
14/3-5 Atkinson Street,Liverpool,2170,600000,2026-01-12,Townhouse,2,1,1.0,139.0,Private Treaty,"Three-level townhouse in secure complex, fenced courtyard.",Domain,https://www.domain.com.au/14-3-5-atkinson-street-liverpool-nsw-2170-2020456441,"14/3-5 Atkinson Street, Liverpool, NSW 2170, Australia",NA,-33.93110943,150.92447012,exact_property,"ArcGIS World Geocoding Service; Subaddress; score 99.95; matched: 3 Atkinson Street, Unit 14, Liverpool, Sydney, New South Wales, 2170",27.18556800778768,Liverpool Station,0.7362991753752044
2/39 Mayberry Crescent,Liverpool,2170,795000,2025-12-12,Townhouse,3,2,1.0,114.0,Private Treaty,"Low-maintenance home close to transport, schools, shopping.",Domain,https://www.domain.com.au/2-39-mayberry-crescent-liverpool-nsw-2170-2020467930,"2/39 Mayberry Crescent, Liverpool, NSW 2170, Australia",1.0,-33.92054769,150.91295272,exact_property,"ArcGIS World Geocoding Service; Subaddress; score 100; matched: 39 Mayberry Crescent, Unit 2, Liverpool, Sydney, New South Wales, 2170",27.951205948169015,Liverpool Station,1.4129928987551734
4/15 Roland Avenue,Liverpool,2170,980000,2025-11-15,Townhouse,4,3,1.0,NA,Auction,"Street-facing, architecturally designed, premium finishes.",Domain,https://www.domain.com.au/4-15-roland-avenue-liverpool-nsw-2170-2020357912,"4/15 Roland Avenue, Liverpool, NSW 2170, Australia",1.0,-33.92480934,150.90323977,exact_property,"ArcGIS World Geocoding Service; Subaddress; score 100; matched: 15 Roland Avenue, Unit 4, Liverpool, Sydney, New South Wales, 2170",28.92670771476272,Liverpool Station,2.222612948880569
2/29 Boundary Road,Liverpool,2170,797000,2025-11-05,Townhouse,2,1,1.0,NA,Private Treaty,"Fully tiled townhouse with fenced garden, low-maintenance.",Domain,https://www.domain.com.au/2-29-boundary-road-liverpool-nsw-2170-2020353518,"2/29 Boundary Road, Liverpool, NSW 2170, Australia",1.0,-33.9355593,150.91053965,exact_property,"ArcGIS World Geocoding Service; Subaddress; score 100; matched: 29 Boundary Road, Unit 2, Liverpool, Sydney, New South Wales, 2170",28.554606564729617,Casula Station,1.633476607236903
